{
	"repoName": "fpp-matrixtools",
	"name": "MatrixTools",
	"author": "Chris Pinkham (CaptainMurdoch)",
	"description": "This plugin uses FPP's Pixel Overlay feature to allow displaying dynamic text on a matrix and drawing on a matrix using your mouse in the web UI.",
	"homeURL": "https://github.com/FalconChristmas/fpp-matrixtools",
	"srcURL": "https://github.com/FalconChristmas/fpp-matrixtools.git",
	"bugURL": "https://github.com/FalconChristmas/fpp-matrixtools/issues",
	"versions": [
            {
                "minFPPVersion": "0",
                "maxFPPVersion": "2.6.99",
                "branch": "master",
                "sha": ""
            },
            {
                "minFPPVersion": "2.7",
                "maxFPPVersion": "7.99",
                "branch": "REST-API",
                "sha": ""
            },
            {
                "minFPPVersion": "8.0",
                "maxFPPVersion": "0",
                "branch": "REST-API",
                "sha": ""
            }
	]
}

